umbral,persistencia,recall,lat_med,lat_p90,falsas_h
0.5,0.5,0.7692307692307693,1.6710000000000003,2.3691000000000004,52.44339867720088
0.5,1.0,0.7384615384615385,2.1245000000000003,2.6874999999999996,29.967656386971935
0.5,1.5,0.6538461538461539,2.6550000000000002,3.2814,13.48544537413737
0.7,0.5,0.7384615384615385,1.7856666666666663,2.3785000000000007,29.967656386971935
0.7,1.0,0.6538461538461539,2.2030000000000003,2.8112666666666684,14.983828193485968
0.7,1.5,0.5692307692307692,2.7448333333333332,3.4545999999999997,8.99029691609158
0.8,0.5,0.6846153846153846,1.865000000000002,2.7026000000000012,19.478976651531756
0.8,1.0,0.5846153846153846,2.3185499999999992,3.320136666666667,8.99029691609158
0.8,1.5,0.46153846153846156,2.8790000000000004,3.8055000000000008,7.491914096742984
0.9,0.5,0.5538461538461539,1.95,2.8127459999999997,7.491914096742984
0.9,1.0,0.43846153846153846,2.399,3.509000000000003,5.9935312773943865
0.9,1.5,0.36923076923076925,2.981,3.799582,2.9967656386971933
